date,orders,revenue,website_traffic,marketing_spend,new_customers,returning_customers
2026-01-01,63,5441.12,1933,584.77,48,15
2026-01-02,57,4762.52,2149,623.87,40,17
2026-01-03,73,6219.4,2385,679.93,55,18
2026-01-04,63,5534.88,2107,659.35,47,16
2026-01-05,56,4523.76,1833,481.89,44,12
2026-01-06,56,4418.28,1812,482.71,37,19
2026-01-07,62,5376.39,2137,666.01,48,14
2026-01-08,55,4254.09,1983,610.1,41,14
2026-01-09,63,5573.29,2098,608.02,51,12
2026-01-10,78,5585.04,2308,679.91,55,23
2026-01-11,71,6637.21,2043,526.68,54,17
2026-01-12,60,5343.26,1781,471.42,49,11
2026-01-13,61,5328.14,1707,521.78,41,20
2026-01-14,49,4566.05,1842,427.92,40,9
2026-01-15,60,5920.31,1885,442.02,46,14
2026-01-16,69,6450.66,2178,608.87,46,23
2026-01-17,81,5724.33,2242,578.38,57,24
2026-01-18,58,4360.79,2062,587.49,45,13
2026-01-19,53,4263.8,1623,446.21,35,18
2026-01-20,53,4541.1,1726,411.73,40,13
2026-01-21,52,4661.2,2235,670.83,37,15
2026-01-22,66,5261.27,2125,553.34,50,16
2026-01-23,67,5831.75,2460,660.29,44,23
2026-01-24,56,4453.61,2074,556.88,45,11
2026-01-25,56,4519.45,1901,533.77,46,10
2026-01-26,61,4536.46,1909,523.28,50,11
2026-01-27,58,4539.11,1788,435.76,45,13
2026-01-28,62,4641.18,2146,600.91,42,20
2026-01-29,73,5685.91,2388,533.48,57,16
2026-01-30,78,7343.71,2403,642.48,51,27
2026-01-31,63,4923.49,2433,621.83,41,22
2026-02-01,88,9401.02,2348,707.92,62,26
2026-02-02,57,5115.3,1931,520.31,42,15
2026-02-03,51,4452.26,1735,448.03,40,11
2026-02-04,60,4738.71,2238,638.57,46,14
2026-02-05,59,5396.89,1887,496.45,43,16
2026-02-06,77,6259.32,2397,684.86,54,23
2026-02-07,75,6517.2,2164,534.11,61,14
2026-02-08,49,5214.85,1972,491.67,35,14
2026-02-09,64,5452.87,2138,540.78,47,17
2026-02-10,72,6853.58,2060,782.34,49,23
2026-02-11,77,6190.33,2483,809.15,60,17
2026-02-12,66,5660.44,2219,783.26,51,15
2026-02-13,85,8520.01,2672,886.28,58,27
2026-02-14,70,5675.47,2677,776.43,46,24
2026-02-15,73,7345.14,2318,729.85,56,17
2026-02-16,59,5416.53,2001,675.68,45,14
2026-02-17,63,5145.13,1943,607.56,44,19
2026-02-18,71,6478.94,2228,617.81,58,13
2026-02-19,53,4981.93,1884,471.26,36,17
2026-02-20,67,6111.58,2507,707.6,48,19
2026-02-21,88,6486.14,2424,659.01,71,17
2026-02-22,62,4989.49,2008,550.02,45,17
2026-02-23,62,5228.93,2203,581.3,47,15
2026-02-24,70,6002.3,2096,611.47,50,20
2026-02-25,62,5662.63,2038,665.33,43,19
2026-02-26,73,6410.41,2089,542.3,60,13
2026-02-27,77,5831.55,2383,670.61,55,22
2026-02-28,92,8232.49,2601,716.49,74,18
2026-03-01,82,7490.83,2179,672.07,57,25
2026-03-02,62,5640.14,1891,510.68,43,19
2026-03-03,69,6566.23,1985,532.05,45,24
2026-03-04,78,7270.6,2151,529.08,59,19
2026-03-05,65,5865.58,1938,523.7,46,19
2026-03-06,66,5677.97,2552,756.47,53,13
2026-03-07,78,5719.61,2595,795.58,57,21
2026-03-08,78,7026.07,2113,605.13,64,14
2026-03-09,60,5299.63,2245,620.22,41,19
2026-03-10,56,4976.34,2049,576.1,45,11
2026-03-11,51,3901.58,2006,567.74,40,11
2026-03-12,66,5154.06,2326,639.11,52,14
2026-03-13,106,10090.18,2895,814.59,84,22
2026-03-14,94,8128.52,2636,705.47,73,21
2026-03-15,69,6366.42,2210,726.07,52,17
2026-03-16,63,5485.18,1685,372.33,42,21
2026-03-17,61,5313.26,2201,614.07,40,21
2026-03-18,57,5380.56,2156,625.38,46,11
2026-03-19,66,5463.88,2236,599.26,50,16
2026-03-20,87,7630.61,2645,720.69,68,19
2026-03-21,78,6494.74,2275,576.19,57,21
2026-03-22,60,5010.78,2204,607.55,40,20
2026-03-23,59,4987.89,1722,586.45,40,19
2026-03-24,54,4796.05,2056,665.73,41,13
2026-03-25,68,5659.88,2165,589.38,49,19
2026-03-26,65,6313.74,2040,569.98,44,21
2026-03-27,77,6156.64,2699,686.49,56,21
2026-03-28,79,6765.81,2535,786.74,52,27
2026-03-29,56,4684.13,2242,652.32,42,14
2026-03-30,68,6715.93,1993,530.12,47,21
2026-03-31,75,6658.89,2229,603.95,59,16
2026-04-01,58,5538.55,2130,638.84,41,17
2026-04-02,77,5804.1,2478,700.76,56,21
2026-04-03,69,6170.23,2543,679.8,45,24
2026-04-04,75,7082.19,2484,707.06,50,25
2026-04-05,80,7039.62,2583,821.12,57,23
2026-04-06,56,5369.6,2159,635.18,41,15
2026-04-07,63,5244.65,2315,802.56,47,16
2026-04-08,72,7105.42,2641,886.54,50,22
2026-04-09,102,10794.42,2565,863.58,78,24
2026-04-10,93,7863.95,2978,971.81,74,19
2026-04-11,78,6545.93,2881,861.65,61,17
2026-04-12,86,8525.88,2717,827.05,56,30
2026-04-13,58,5810.0,1915,554.7,42,16
2026-04-14,57,4752.54,2210,523.35,38,19
2026-04-15,70,5895.69,2099,633.52,48,22
2026-04-16,78,6657.79,2337,674.0,64,14
2026-04-17,89,6842.3,2907,875.66,60,29
2026-04-18,88,7067.37,2712,756.89,65,23
2026-04-19,74,5894.24,2286,666.48,56,18
2026-04-20,50,4078.38,2065,579.22,38,12
2026-04-21,46,4023.04,1859,450.93,34,12
2026-04-22,91,8156.64,2271,649.33,59,32
2026-04-23,89,8916.78,2427,656.32,63,26
2026-04-24,91,7263.85,2967,923.39,67,24
2026-04-25,86,8230.96,2605,738.55,57,29
2026-04-26,81,6977.92,2465,675.94,57,24
2026-04-27,87,7611.48,2141,587.74,57,30
2026-04-28,70,6531.52,2084,509.18,46,24
2026-04-29,77,6079.3,2530,737.57,55,22
2026-04-30,67,6098.2,2349,711.12,45,22
2026-05-01,71,6341.37,2738,813.67,53,18
2026-05-02,84,7723.62,2705,695.69,64,20
2026-05-03,76,6866.33,2567,759.41,60,16
2026-05-04,54,5815.82,1995,497.78,37,17
2026-05-05,72,5974.63,2207,637.81,49,23
2026-05-06,67,5618.6,2721,817.28,45,22
2026-05-07,86,7150.68,2225,595.52,65,21
2026-05-08,99,8287.65,2742,726.0,76,23
2026-05-09,78,6480.49,2736,773.66,51,27
2026-05-10,82,8012.98,2320,632.35,66,16
2026-05-11,66,6573.34,2113,493.11,43,23
2026-05-12,60,5021.46,2247,607.28,45,15
2026-05-13,83,6774.7,2378,595.97,64,19
2026-05-14,82,7550.39,2581,704.39,65,17
2026-05-15,84,7048.75,2681,708.62,65,19
2026-05-16,97,9061.72,2993,882.52,76,21
2026-05-17,72,6480.33,2306,619.15,51,21
2026-05-18,63,4805.65,2176,584.86,50,13
2026-05-19,73,7359.2,2245,665.17,48,25
2026-05-20,85,8739.94,2313,590.55,68,17
2026-05-21,71,5934.06,2509,693.55,53,18
2026-05-22,90,7686.35,2841,871.82,71,19
2026-05-23,88,7991.92,2850,668.84,64,24
2026-05-24,71,6477.39,2354,693.28,54,17
2026-05-25,62,5818.6,2100,631.34,46,16
2026-05-26,73,7642.12,2392,668.69,57,16
2026-05-27,79,6889.93,2405,596.51,52,27
2026-05-28,69,5676.51,2383,591.57,46,23
2026-05-29,101,7842.15,2935,824.19,70,31
2026-05-30,86,7125.7,2853,809.49,58,28
2026-05-31,77,6811.75,2395,704.27,61,16
2026-06-01,68,7011.52,2258,643.14,47,21
2026-06-02,62,5247.56,2085,572.11,51,11
2026-06-03,90,8153.48,2590,705.73,64,26
2026-06-04,78,6918.39,2487,710.9,53,25
2026-06-05,82,8065.58,2695,744.99,64,18
2026-06-06,96,10473.02,3002,926.65,73,23
2026-06-07,86,7280.45,2570,726.29,63,23
2026-06-08,60,5100.76,2064,541.24,45,15
2026-06-09,72,7006.06,2222,671.41,56,16
2026-06-10,67,6327.01,2421,627.63,46,21
2026-06-11,82,8509.67,2597,751.86,67,15
2026-06-12,90,8432.91,2937,883.43,73,17
2026-06-13,68,5860.11,2750,745.93,52,16
2026-06-14,79,7410.4,2623,766.94,54,25
2026-06-15,72,7053.97,2477,890.01,55,17
2026-06-16,90,8612.18,2538,929.8,60,30
2026-06-17,90,8388.91,3038,1127.26,59,31
2026-06-18,96,9380.18,2809,926.06,67,29
2026-06-19,86,8475.82,3228,1021.83,63,23
2026-06-20,108,10830.65,3331,1010.41,86,22
2026-06-21,82,7744.17,2852,875.85,63,19
2026-06-22,73,6419.57,2255,630.72,57,16
2026-06-23,75,6785.61,2313,660.82,54,21
2026-06-24,74,7324.37,2465,727.99,52,22
2026-06-25,80,6625.23,2621,767.43,57,23
2026-06-26,102,9417.16,2899,817.92,83,19
2026-06-27,96,8280.37,3105,919.8,63,33
2026-06-28,78,6993.12,2443,693.74,62,16
2026-06-29,70,6977.45,2618,832.27,52,18
2026-06-30,88,8008.35,2517,686.48,64,24
